<?xml version="1.0" encoding="UTF-8"?>

<Patient xmlns="http://hl7.org/fhir">
  <id value="AliceFreeman"/>
  <meta>
    <profile value="http://hl7.org/fhir/us/core/StructureDefinition/us-core-patient"/>
  </meta>
  <text>
    <status value="generated"/><div xmlns="http://www.w3.org/1999/xhtml"><p><b>Alice J. Freeman </b> female, DoB: 1978-03-12 ( Social Security number: 987054321 (USUAL))</p></div>
  </text>
  <extension url="http://hl7.org/fhir/us/core/StructureDefinition/us-core-race">
    <extension url="detailed">
      <valueCoding>
        <system value="urn:oid:2.16.840.1.113883.6.238"/>
        <code value="2029-7"/>
        <display value="Asian Indian"/>
      </valueCoding>
    </extension>
    <extension url="text">
      <valueString value="Asian Indian"/>
    </extension>
  </extension>
  <extension url="http://hl7.org/fhir/us/core/StructureDefinition/us-core-ethnicity">
    <extension url="ombCategory">
      <valueCoding>
        <system value="urn:oid:2.16.840.1.113883.6.238"/>
        <code value="2186-5"/>
        <display value="Not Hispanic or Latino"/>
      </valueCoding>
    </extension>
    <extension url="text">
      <valueString value="Not Hispanic or Latino"/>
    </extension>
  </extension>
  <identifier>
    <use value="usual"/>
    <type>
      <coding>
        <system value="http://terminology.hl7.org/CodeSystem/v2-0203"/>
        <code value="SS"/>
        <display value="Social Security number"/>
      </coding>
      <text value="Social Security number"/>
    </type>
    <system value="http://hospital.smarthealthit.org"/>
    <value value="987054321"/>
  </identifier>
  <active value="true"/>
  <name>
    <family value="Freeman"/>
    <given value="Alice"/>
    <given value="J."/>
  </name>
  <gender value="female"/>
  <birthDate value="1978-03-12"/>
  <address>
    <use value="home"/>
    <line value="112 Miramar Ct"/>
    <city value="Danville"/>
    <state value="Nova Scotia"/>
    <country value="CA"/>
  </address>
</Patient>