{
  "resourceType": "Patient",
  "id": "AliceFreeman",
  "meta": {
    "profile": [
      "http://hl7.org/fhir/us/core/StructureDefinition/us-core-patient"
    ]
  },
  "text": {
    "status": "generated",
    "div": "<div xmlns=\"http://www.w3.org/1999/xhtml\"><p><b>Alice J. Freeman </b> female, DoB: 1978-03-12 ( Social Security number: 987054321 (USUAL))</p></div>"
  },
  "extension": [
    {
      "extension": [
        {
          "url": "detailed",
          "valueCoding": {
            "system": "urn:oid:2.16.840.1.113883.6.238",
            "code": "2029-7",
            "display": "Asian Indian"
          }
        },
        {
          "url": "text",
          "valueString": "Asian Indian"
        }
      ],
      "url": "http://hl7.org/fhir/us/core/StructureDefinition/us-core-race"
    },
    {
      "extension": [
        {
          "url": "ombCategory",
          "valueCoding": {
            "system": "urn:oid:2.16.840.1.113883.6.238",
            "code": "2186-5",
            "display": "Not Hispanic or Latino"
          }
        },
        {
          "url": "text",
          "valueString": "Not Hispanic or Latino"
        }
      ],
      "url": "http://hl7.org/fhir/us/core/StructureDefinition/us-core-ethnicity"
    }
  ],
  "identifier": [
    {
      "use": "usual",
      "type": {
        "coding": [
          {
            "system": "http://terminology.hl7.org/CodeSystem/v2-0203",
            "code": "SS",
            "display": "Social Security number"
          }
        ],
        "text": "Social Security number"
      },
      "system": "http://hospital.smarthealthit.org",
      "value": "987054321"
    }
  ],
  "active": true,
  "name": [
    {
      "family": "Freeman",
      "given": [
        "Alice",
        "J."
      ]
    }
  ],
  "gender": "female",
  "birthDate": "1978-03-12",
  "address": [
    {
      "use": "home",
      "line": [
        "112 Miramar Ct"
      ],
      "city": "Danville",
      "state": "Nova Scotia",
      "country": "CA"
    }
  ]
}